sequence,frames,positive_frames,visual_auroc,process_auroc,combined_auroc
01,720,720,,,
02,676,676,,,
03,674,674,,,
04,683,683,,,
05,574,59,0.6480006582195161,0.4007734079315452,0.6572157314464373
06,582,451,0.38681640459707856,0.3604966063539886,0.4021174320001354
07,686,417,0.5963600866518681,0.47908587628038835,0.5966453602916922
08,695,405,0.31828437633035334,0.140536398467433,0.32904640272456365
09,712,92,0.6288920056100982,0.2509116409537167,0.6338008415147265
10,647,202,0.9686672599844254,0.19057180998998777,0.9700467237735009
11,706,216,0.8125661375661376,0.07469765684051397,0.81067649281935
12,841,171,0.5147377149341015,0.7985074626865671,0.5144584097058567
13,766,102,0.5632825419324357,0.17319277108433734,0.5600933144342074
14,908,128,0.5889423076923077,0.3276041666666667,0.5889423076923077
15,692,72,0.8236559139784947,0.2559139784946237,0.8437275985663083
16,730,0,,,
17,713,0,,,
