partition,role,reason,samples,denominator,fraction
fit,anchor,no_raw_candidate,47,1960,0.023979591836734693
fit,anchor,no_positive_area,0,1960,0.0
fit,anchor,semantic_excluded,487,1960,0.24846938775510205
fit,anchor,area_excluded,100,1960,0.05102040816326531
fit,anchor,no_joint_candidate,47,1960,0.023979591836734693
fit,anchor,candidate_available,1279,1960,0.6525510204081633
fit,target,no_raw_candidate,149,1960,0.0760204081632653
fit,target,no_positive_area,0,1960,0.0
fit,target,semantic_excluded,0,1960,0.0
fit,target,area_excluded,9,1960,0.004591836734693878
fit,target,no_joint_candidate,0,1960,0.0
fit,target,candidate_available,1802,1960,0.9193877551020408
calibration,anchor,no_raw_candidate,6,482,0.012448132780082987
calibration,anchor,no_positive_area,0,482,0.0
calibration,anchor,semantic_excluded,103,482,0.21369294605809128
calibration,anchor,area_excluded,37,482,0.07676348547717843
calibration,anchor,no_joint_candidate,9,482,0.01867219917012448
calibration,anchor,candidate_available,327,482,0.6784232365145229
calibration,target,no_raw_candidate,32,482,0.06639004149377593
calibration,target,no_positive_area,0,482,0.0
calibration,target,semantic_excluded,0,482,0.0
calibration,target,area_excluded,1,482,0.002074688796680498
calibration,target,no_joint_candidate,0,482,0.0
calibration,target,candidate_available,449,482,0.9315352697095436
