sequence,frames,positive_frames,dwell_valid_frames,visual_auroc,process_auroc,combined_auroc
01,411,300,75,0.42687687687687687,0.5633933933933933,0.42687687687687687
02,398,286,60,0.6530344655344656,0.6007117882117882,0.6530344655344656
03,381,316,56,0.6914556962025317,0.6741723466407011,0.6917478091528725
04,379,118,56,0.7886713422949543,0.37666406909539585,0.7834761997532308
05,465,330,64,0.8415600448933782,0.4885858585858586,0.8295286195286194
06,505,413,60,0.7596589114643647,0.7241814927887146,0.7567112327613433
07,550,151,84,0.572880877690916,0.4596839781573139,0.511402678882637
08,653,230,288,0.6063110288827217,0.8686709836571076,0.7128481858361599
09,334,206,0,0.7973300970873787,0.36180218446601936,0.8021844660194175
10,223,135,127,0.803030303030303,0.9313131313131313,0.8632996632996633
11,424,126,64,0.7016618728028123,0.662032598274209,0.6989986151059977
12,686,224,116,0.6534090909090909,0.5951994434137291,0.7041396103896104
13,464,375,296,0.9226516853932584,0.8742921348314606,0.9299625468164795
14,385,320,152,0.9218509615384615,0.7258894230769231,0.9210817307692308
15,376,322,108,0.966988727858293,0.8351736829997699,0.9708994708994709
16,418,347,92,0.6990096196777206,0.6322807159962658,0.6990096196777206
17,582,127,60,0.5063511291857749,0.517911222635632,0.5171497793545038
18,243,141,79,0.3961549158670561,0.40310805173133085,0.4006049228201919
19,277,111,52,0.5526972755888419,0.4403560186692717,0.5416259633127103
