scene,partition,sequence,frames,label_count,alignment_status,valid_evaluation_frames,fps,time_unit
R01,training,01,207,,,,,source_frame_index
R01,training,02,214,,,,,source_frame_index
R01,training,03,203,,,,,source_frame_index
R01,training,04,232,,,,,source_frame_index
R01,training,05,233,,,,,source_frame_index
R01,training,06,231,,,,,source_frame_index
R01,training,07,233,,,,,source_frame_index
R01,training,08,232,,,,,source_frame_index
R01,training,09,235,,,,,source_frame_index
R01,training,10,236,,,,,source_frame_index
R01,training,11,235,,,,,source_frame_index
R01,training,12,231,,,,,source_frame_index
R01,training,13,232,,,,,source_frame_index
R01,training,14,232,,,,,source_frame_index
R01,training,15,236,,,,,source_frame_index
R01,training,16,230,,,,,source_frame_index
R01,training,17,234,,,,,source_frame_index
R01,training,18,228,,,,,source_frame_index
R01,training,19,233,,,,,source_frame_index
R01,training,20,229,,,,,source_frame_index
R01,training,21,229,,,,,source_frame_index
R01,training,22,234,,,,,source_frame_index
R01,training,23,233,,,,,source_frame_index
R01,training,24,231,,,,,source_frame_index
R01,training,25,225,,,,,source_frame_index
R01,training,26,238,,,,,source_frame_index
R01,training,27,231,,,,,source_frame_index
R01,training,28,228,,,,,source_frame_index
R01,training,29,233,,,,,source_frame_index
R01,training,30,229,,,,,source_frame_index
R01,training,31,233,,,,,source_frame_index
R01,training,32,230,,,,,source_frame_index
R01,training,33,229,,,,,source_frame_index
R01,training,34,229,,,,,source_frame_index
R01,testing,01,230,230,length_matched_index_mapping,230,,source_frame_index
R01,testing,02,256,256,length_matched_index_mapping,256,,source_frame_index
R01,testing,03,409,409,length_matched_index_mapping,409,,source_frame_index
R01,testing,04,191,191,length_matched_index_mapping,191,,source_frame_index
R01,testing,05,290,290,length_matched_index_mapping,290,,source_frame_index
R01,testing,06,233,233,length_matched_index_mapping,233,,source_frame_index
R01,testing,07,231,231,length_matched_index_mapping,231,,source_frame_index
R01,testing,08,235,235,length_matched_index_mapping,235,,source_frame_index
R01,testing,09,229,229,length_matched_index_mapping,229,,source_frame_index
R01,testing,10,231,231,length_matched_index_mapping,231,,source_frame_index
R01,testing,11,232,232,length_matched_index_mapping,232,,source_frame_index
R01,testing,12,231,231,length_matched_index_mapping,231,,source_frame_index
R01,testing,13,229,229,length_matched_index_mapping,229,,source_frame_index
R01,testing,14,230,230,length_matched_index_mapping,230,,source_frame_index
R01,testing,15,228,228,length_matched_index_mapping,228,,source_frame_index
R02,training,01,642,,,,,source_frame_index
R02,training,02,608,,,,,source_frame_index
R02,training,03,550,,,,,source_frame_index
R02,training,04,596,,,,,source_frame_index
R02,training,05,602,,,,,source_frame_index
R02,training,06,610,,,,,source_frame_index
R02,training,07,588,,,,,source_frame_index
R02,training,08,585,,,,,source_frame_index
R02,training,09,595,,,,,source_frame_index
R02,training,10,595,,,,,source_frame_index
R02,training,11,600,,,,,source_frame_index
R02,training,12,590,,,,,source_frame_index
R02,training,13,591,,,,,source_frame_index
R02,training,14,579,,,,,source_frame_index
R02,training,15,612,,,,,source_frame_index
R02,training,16,588,,,,,source_frame_index
R02,training,17,574,,,,,source_frame_index
R02,training,18,579,,,,,source_frame_index
R02,training,19,602,,,,,source_frame_index
R02,training,20,609,,,,,source_frame_index
R02,training,21,584,,,,,source_frame_index
R02,training,22,601,,,,,source_frame_index
R02,training,23,612,,,,,source_frame_index
R02,training,24,568,,,,,source_frame_index
R02,training,25,588,,,,,source_frame_index
R02,training,26,574,,,,,source_frame_index
R02,training,27,589,,,,,source_frame_index
R02,training,28,592,,,,,source_frame_index
R02,training,29,585,,,,,source_frame_index
R02,training,30,568,,,,,source_frame_index
R02,testing,01,583,583,length_matched_index_mapping,583,,source_frame_index
R02,testing,02,595,595,length_matched_index_mapping,595,,source_frame_index
R02,testing,03,573,573,length_matched_index_mapping,573,,source_frame_index
R02,testing,04,578,578,length_matched_index_mapping,578,,source_frame_index
R02,testing,05,583,583,length_matched_index_mapping,583,,source_frame_index
R02,testing,06,604,604,length_matched_index_mapping,604,,source_frame_index
R02,testing,07,536,536,length_matched_index_mapping,536,,source_frame_index
R02,testing,08,784,784,length_matched_index_mapping,784,,source_frame_index
R02,testing,09,853,853,length_matched_index_mapping,853,,source_frame_index
R02,testing,10,612,612,length_matched_index_mapping,612,,source_frame_index
R02,testing,11,590,590,length_matched_index_mapping,590,,source_frame_index
R02,testing,12,806,805,unresolved_quarantined,0,,source_frame_index
R02,testing,13,609,608,unresolved_quarantined,0,,source_frame_index
R02,testing,14,497,498,unresolved_quarantined,0,,source_frame_index
R02,testing,15,815,815,length_matched_index_mapping,815,,source_frame_index
R03,training,01,668,,,,,source_frame_index
R03,training,02,692,,,,,source_frame_index
R03,training,03,723,,,,,source_frame_index
R03,training,04,688,,,,,source_frame_index
R03,training,05,705,,,,,source_frame_index
R03,training,06,706,,,,,source_frame_index
R03,training,07,689,,,,,source_frame_index
R03,training,08,708,,,,,source_frame_index
R03,training,09,742,,,,,source_frame_index
R03,training,10,697,,,,,source_frame_index
R03,training,11,696,,,,,source_frame_index
R03,training,12,745,,,,,source_frame_index
R03,training,13,720,,,,,source_frame_index
R03,training,14,630,,,,,source_frame_index
R03,training,15,706,,,,,source_frame_index
R03,training,16,656,,,,,source_frame_index
R03,training,17,685,,,,,source_frame_index
R03,training,18,690,,,,,source_frame_index
R03,training,19,694,,,,,source_frame_index
R03,training,20,690,,,,,source_frame_index
R03,training,21,713,,,,,source_frame_index
R03,training,22,703,,,,,source_frame_index
R03,testing,01,720,720,length_matched_index_mapping,720,,source_frame_index
R03,testing,02,676,676,length_matched_index_mapping,676,,source_frame_index
R03,testing,03,674,674,length_matched_index_mapping,674,,source_frame_index
R03,testing,04,683,683,length_matched_index_mapping,683,,source_frame_index
R03,testing,05,574,574,length_matched_index_mapping,574,,source_frame_index
R03,testing,06,582,582,length_matched_index_mapping,582,,source_frame_index
R03,testing,07,686,686,length_matched_index_mapping,686,,source_frame_index
R03,testing,08,695,695,length_matched_index_mapping,695,,source_frame_index
R03,testing,09,712,712,length_matched_index_mapping,712,,source_frame_index
R03,testing,10,647,647,length_matched_index_mapping,647,,source_frame_index
R03,testing,11,706,706,length_matched_index_mapping,706,,source_frame_index
R03,testing,12,841,841,length_matched_index_mapping,841,,source_frame_index
R03,testing,13,766,766,length_matched_index_mapping,766,,source_frame_index
R03,testing,14,908,908,length_matched_index_mapping,908,,source_frame_index
R03,testing,15,692,692,length_matched_index_mapping,692,,source_frame_index
R03,testing,16,730,730,length_matched_index_mapping,730,,source_frame_index
R03,testing,17,713,713,length_matched_index_mapping,713,,source_frame_index
R04,training,01,309,,,,,source_frame_index
R04,training,02,409,,,,,source_frame_index
R04,training,03,461,,,,,source_frame_index
R04,training,04,408,,,,,source_frame_index
R04,training,05,437,,,,,source_frame_index
R04,training,06,448,,,,,source_frame_index
R04,training,07,385,,,,,source_frame_index
R04,training,08,413,,,,,source_frame_index
R04,training,09,417,,,,,source_frame_index
R04,training,10,376,,,,,source_frame_index
R04,training,11,340,,,,,source_frame_index
R04,training,12,382,,,,,source_frame_index
R04,training,13,382,,,,,source_frame_index
R04,training,14,323,,,,,source_frame_index
R04,training,15,340,,,,,source_frame_index
R04,training,16,373,,,,,source_frame_index
R04,training,17,372,,,,,source_frame_index
R04,training,18,412,,,,,source_frame_index
R04,training,19,396,,,,,source_frame_index
R04,training,20,404,,,,,source_frame_index
R04,training,21,417,,,,,source_frame_index
R04,training,22,380,,,,,source_frame_index
R04,training,23,377,,,,,source_frame_index
R04,training,24,368,,,,,source_frame_index
R04,training,25,403,,,,,source_frame_index
R04,testing,01,411,411,length_matched_index_mapping,411,,source_frame_index
R04,testing,02,398,398,length_matched_index_mapping,398,,source_frame_index
R04,testing,03,381,381,length_matched_index_mapping,381,,source_frame_index
R04,testing,04,379,379,length_matched_index_mapping,379,,source_frame_index
R04,testing,05,465,465,length_matched_index_mapping,465,,source_frame_index
R04,testing,06,505,505,length_matched_index_mapping,505,,source_frame_index
R04,testing,07,550,550,length_matched_index_mapping,550,,source_frame_index
R04,testing,08,653,653,length_matched_index_mapping,653,,source_frame_index
R04,testing,09,334,334,length_matched_index_mapping,334,,source_frame_index
R04,testing,10,223,223,length_matched_index_mapping,223,,source_frame_index
R04,testing,11,424,424,length_matched_index_mapping,424,,source_frame_index
R04,testing,12,686,686,length_matched_index_mapping,686,,source_frame_index
R04,testing,13,464,464,length_matched_index_mapping,464,,source_frame_index
R04,testing,14,385,385,length_matched_index_mapping,385,,source_frame_index
R04,testing,15,376,376,length_matched_index_mapping,376,,source_frame_index
R04,testing,16,418,418,length_matched_index_mapping,418,,source_frame_index
R04,testing,17,582,582,length_matched_index_mapping,582,,source_frame_index
R04,testing,18,243,243,length_matched_index_mapping,243,,source_frame_index
R04,testing,19,277,277,length_matched_index_mapping,277,,source_frame_index
S01,training,01,126,,,,,source_frame_index
S01,training,02,124,,,,,source_frame_index
S01,training,03,122,,,,,source_frame_index
S01,training,04,119,,,,,source_frame_index
S01,training,05,117,,,,,source_frame_index
S01,training,06,129,,,,,source_frame_index
S01,training,07,131,,,,,source_frame_index
S01,training,08,134,,,,,source_frame_index
S01,training,09,136,,,,,source_frame_index
S01,training,10,126,,,,,source_frame_index
S01,training,11,126,,,,,source_frame_index
S01,training,12,126,,,,,source_frame_index
S01,training,13,126,,,,,source_frame_index
S01,training,14,126,,,,,source_frame_index
S01,training,15,126,,,,,source_frame_index
S01,training,16,126,,,,,source_frame_index
S01,training,17,126,,,,,source_frame_index
S01,training,18,126,,,,,source_frame_index
S01,training,19,126,,,,,source_frame_index
S01,training,20,126,,,,,source_frame_index
S01,training,21,126,,,,,source_frame_index
S01,training,22,126,,,,,source_frame_index
S01,training,23,126,,,,,source_frame_index
S01,training,24,126,,,,,source_frame_index
S01,training,25,126,,,,,source_frame_index
S01,training,26,126,,,,,source_frame_index
S01,training,27,126,,,,,source_frame_index
S01,training,28,126,,,,,source_frame_index
S01,training,29,126,,,,,source_frame_index
S01,training,30,126,,,,,source_frame_index
S01,training,31,126,,,,,source_frame_index
S01,training,32,124,,,,,source_frame_index
S01,training,33,129,,,,,source_frame_index
S01,training,34,126,,,,,source_frame_index
S01,training,35,126,,,,,source_frame_index
S01,training,36,126,,,,,source_frame_index
S01,training,37,126,,,,,source_frame_index
S01,training,38,126,,,,,source_frame_index
S01,training,39,126,,,,,source_frame_index
S01,training,40,126,,,,,source_frame_index
S01,training,41,126,,,,,source_frame_index
S01,training,42,126,,,,,source_frame_index
S01,training,43,126,,,,,source_frame_index
S01,training,44,126,,,,,source_frame_index
S01,training,45,126,,,,,source_frame_index
S01,training,46,126,,,,,source_frame_index
S01,training,47,126,,,,,source_frame_index
S01,training,48,126,,,,,source_frame_index
S01,training,49,126,,,,,source_frame_index
S01,training,50,126,,,,,source_frame_index
S01,training,51,126,,,,,source_frame_index
S01,training,52,126,,,,,source_frame_index
S01,training,53,126,,,,,source_frame_index
S01,training,54,126,,,,,source_frame_index
S01,training,55,126,,,,,source_frame_index
S01,training,56,126,,,,,source_frame_index
S01,training,57,126,,,,,source_frame_index
S01,training,58,126,,,,,source_frame_index
S01,training,59,126,,,,,source_frame_index
S01,training,60,126,,,,,source_frame_index
S01,training,61,127,,,,,source_frame_index
S01,training,62,126,,,,,source_frame_index
S01,training,63,126,,,,,source_frame_index
S01,training,64,126,,,,,source_frame_index
S01,training,65,126,,,,,source_frame_index
S01,training,66,126,,,,,source_frame_index
S01,training,67,126,,,,,source_frame_index
S01,training,68,126,,,,,source_frame_index
S01,training,69,126,,,,,source_frame_index
S01,training,70,126,,,,,source_frame_index
S01,training,71,127,,,,,source_frame_index
S01,training,72,127,,,,,source_frame_index
S01,training,73,126,,,,,source_frame_index
S01,training,74,126,,,,,source_frame_index
S01,training,75,126,,,,,source_frame_index
S01,training,76,126,,,,,source_frame_index
S01,training,77,126,,,,,source_frame_index
S01,training,78,126,,,,,source_frame_index
S01,training,79,126,,,,,source_frame_index
S01,training,80,126,,,,,source_frame_index
S01,testing,01,126,126,length_matched_index_mapping,126,,source_frame_index
S01,testing,02,126,126,length_matched_index_mapping,126,,source_frame_index
S01,testing,03,126,126,length_matched_index_mapping,126,,source_frame_index
S01,testing,04,126,126,length_matched_index_mapping,126,,source_frame_index
S01,testing,05,126,126,length_matched_index_mapping,126,,source_frame_index
S01,testing,06,126,126,length_matched_index_mapping,126,,source_frame_index
S01,testing,07,201,201,length_matched_index_mapping,201,,source_frame_index
S01,testing,08,126,126,length_matched_index_mapping,126,,source_frame_index
S01,testing,09,126,126,length_matched_index_mapping,126,,source_frame_index
S01,testing,10,226,226,length_matched_index_mapping,226,,source_frame_index
S01,testing,11,126,126,length_matched_index_mapping,126,,source_frame_index
S01,testing,12,126,126,length_matched_index_mapping,126,,source_frame_index
S01,testing,13,126,126,length_matched_index_mapping,126,,source_frame_index
S01,testing,14,126,126,length_matched_index_mapping,126,,source_frame_index
S01,testing,15,126,126,length_matched_index_mapping,126,,source_frame_index
S01,testing,16,126,126,length_matched_index_mapping,126,,source_frame_index
S01,testing,17,126,126,length_matched_index_mapping,126,,source_frame_index
S01,testing,18,126,126,length_matched_index_mapping,126,,source_frame_index
S01,testing,19,126,126,length_matched_index_mapping,126,,source_frame_index
S01,testing,20,126,126,length_matched_index_mapping,126,,source_frame_index
S01,testing,21,126,126,length_matched_index_mapping,126,,source_frame_index
S02,training,01,251,,,,,source_frame_index
S02,training,02,251,,,,,source_frame_index
S02,training,03,251,,,,,source_frame_index
S02,training,04,251,,,,,source_frame_index
S02,training,05,251,,,,,source_frame_index
S02,training,06,251,,,,,source_frame_index
S02,training,07,251,,,,,source_frame_index
S02,training,08,251,,,,,source_frame_index
S02,training,09,251,,,,,source_frame_index
S02,training,10,251,,,,,source_frame_index
S02,training,11,251,,,,,source_frame_index
S02,training,12,251,,,,,source_frame_index
S02,training,13,251,,,,,source_frame_index
S02,training,14,251,,,,,source_frame_index
S02,training,15,251,,,,,source_frame_index
S02,training,16,251,,,,,source_frame_index
S02,training,17,251,,,,,source_frame_index
S02,training,18,251,,,,,source_frame_index
S02,training,19,251,,,,,source_frame_index
S02,training,20,251,,,,,source_frame_index
S02,training,21,251,,,,,source_frame_index
S02,training,22,251,,,,,source_frame_index
S02,training,23,251,,,,,source_frame_index
S02,training,24,251,,,,,source_frame_index
S02,training,25,251,,,,,source_frame_index
S02,training,26,251,,,,,source_frame_index
S02,training,27,251,,,,,source_frame_index
S02,training,28,251,,,,,source_frame_index
S02,training,29,251,,,,,source_frame_index
S02,training,30,251,,,,,source_frame_index
S02,training,31,251,,,,,source_frame_index
S02,training,32,251,,,,,source_frame_index
S02,training,33,251,,,,,source_frame_index
S02,training,34,251,,,,,source_frame_index
S02,training,35,251,,,,,source_frame_index
S02,training,36,251,,,,,source_frame_index
S02,training,37,251,,,,,source_frame_index
S02,training,38,251,,,,,source_frame_index
S02,training,39,251,,,,,source_frame_index
S02,training,40,251,,,,,source_frame_index
S02,training,41,251,,,,,source_frame_index
S02,training,42,251,,,,,source_frame_index
S02,training,43,251,,,,,source_frame_index
S02,training,44,251,,,,,source_frame_index
S02,training,45,251,,,,,source_frame_index
S02,training,46,251,,,,,source_frame_index
S02,training,47,251,,,,,source_frame_index
S02,training,48,251,,,,,source_frame_index
S02,training,49,251,,,,,source_frame_index
S02,training,50,252,,,,,source_frame_index
S02,training,51,251,,,,,source_frame_index
S02,training,52,251,,,,,source_frame_index
S02,training,53,251,,,,,source_frame_index
S02,training,54,251,,,,,source_frame_index
S02,training,55,251,,,,,source_frame_index
S02,testing,01,251,251,length_matched_index_mapping,251,,source_frame_index
S02,testing,02,251,251,length_matched_index_mapping,251,,source_frame_index
S02,testing,03,251,251,length_matched_index_mapping,251,,source_frame_index
S02,testing,04,251,251,length_matched_index_mapping,251,,source_frame_index
S02,testing,05,251,251,length_matched_index_mapping,251,,source_frame_index
S02,testing,06,251,251,length_matched_index_mapping,251,,source_frame_index
S02,testing,07,251,251,length_matched_index_mapping,251,,source_frame_index
S02,testing,08,251,251,length_matched_index_mapping,251,,source_frame_index
S02,testing,09,251,251,length_matched_index_mapping,251,,source_frame_index
S02,testing,10,251,251,length_matched_index_mapping,251,,source_frame_index
S02,testing,11,251,251,length_matched_index_mapping,251,,source_frame_index
S02,testing,12,251,251,length_matched_index_mapping,251,,source_frame_index
S02,testing,13,251,251,length_matched_index_mapping,251,,source_frame_index
S02,testing,14,251,251,length_matched_index_mapping,251,,source_frame_index
S02,testing,15,251,251,length_matched_index_mapping,251,,source_frame_index
S02,testing,16,251,251,length_matched_index_mapping,251,,source_frame_index
S02,testing,17,251,251,length_matched_index_mapping,251,,source_frame_index
S02,testing,18,251,251,length_matched_index_mapping,251,,source_frame_index
S02,testing,19,251,251,length_matched_index_mapping,251,,source_frame_index
S03,training,01,826,,,,,source_frame_index
S03,training,02,826,,,,,source_frame_index
S03,training,03,826,,,,,source_frame_index
S03,training,04,826,,,,,source_frame_index
S03,training,05,826,,,,,source_frame_index
S03,training,06,826,,,,,source_frame_index
S03,training,07,826,,,,,source_frame_index
S03,training,08,826,,,,,source_frame_index
S03,training,09,826,,,,,source_frame_index
S03,training,10,826,,,,,source_frame_index
S03,training,11,826,,,,,source_frame_index
S03,training,12,826,,,,,source_frame_index
S03,training,13,826,,,,,source_frame_index
S03,training,14,826,,,,,source_frame_index
S03,training,15,826,,,,,source_frame_index
S03,training,16,826,,,,,source_frame_index
S03,training,17,826,,,,,source_frame_index
S03,training,18,826,,,,,source_frame_index
S03,training,19,826,,,,,source_frame_index
S03,training,20,826,,,,,source_frame_index
S03,training,21,826,,,,,source_frame_index
S03,training,22,826,,,,,source_frame_index
S03,training,23,826,,,,,source_frame_index
S03,training,24,826,,,,,source_frame_index
S03,training,25,826,,,,,source_frame_index
S03,training,26,826,,,,,source_frame_index
S03,training,27,826,,,,,source_frame_index
S03,training,28,826,,,,,source_frame_index
S03,training,29,826,,,,,source_frame_index
S03,training,30,826,,,,,source_frame_index
S03,training,31,826,,,,,source_frame_index
S03,training,32,826,,,,,source_frame_index
S03,training,33,826,,,,,source_frame_index
S03,training,34,826,,,,,source_frame_index
S03,training,35,826,,,,,source_frame_index
S03,training,36,826,,,,,source_frame_index
S03,training,37,826,,,,,source_frame_index
S03,training,38,826,,,,,source_frame_index
S03,training,39,826,,,,,source_frame_index
S03,training,40,826,,,,,source_frame_index
S03,training,41,826,,,,,source_frame_index
S03,training,42,826,,,,,source_frame_index
S03,training,43,826,,,,,source_frame_index
S03,training,44,826,,,,,source_frame_index
S03,training,45,826,,,,,source_frame_index
S03,training,46,826,,,,,source_frame_index
S03,training,47,826,,,,,source_frame_index
S03,training,48,826,,,,,source_frame_index
S03,training,49,826,,,,,source_frame_index
S03,training,50,826,,,,,source_frame_index
S03,training,51,826,,,,,source_frame_index
S03,training,52,826,,,,,source_frame_index
S03,training,53,826,,,,,source_frame_index
S03,training,54,826,,,,,source_frame_index
S03,training,55,826,,,,,source_frame_index
S03,testing,01,826,826,length_matched_index_mapping,826,,source_frame_index
S03,testing,02,826,826,length_matched_index_mapping,826,,source_frame_index
S03,testing,03,826,826,length_matched_index_mapping,826,,source_frame_index
S03,testing,04,826,826,length_matched_index_mapping,826,,source_frame_index
S03,testing,05,826,826,length_matched_index_mapping,826,,source_frame_index
S03,testing,06,826,826,length_matched_index_mapping,826,,source_frame_index
S03,testing,07,826,826,length_matched_index_mapping,826,,source_frame_index
S03,testing,08,826,826,length_matched_index_mapping,826,,source_frame_index
S03,testing,09,826,826,length_matched_index_mapping,826,,source_frame_index
S03,testing,10,826,826,length_matched_index_mapping,826,,source_frame_index
S03,testing,11,826,826,length_matched_index_mapping,826,,source_frame_index
S03,testing,12,826,826,length_matched_index_mapping,826,,source_frame_index
S03,testing,13,826,826,length_matched_index_mapping,826,,source_frame_index
S03,testing,14,826,826,length_matched_index_mapping,826,,source_frame_index
S03,testing,15,826,826,length_matched_index_mapping,826,,source_frame_index
S03,testing,16,826,826,length_matched_index_mapping,826,,source_frame_index
S03,testing,17,826,826,length_matched_index_mapping,826,,source_frame_index
S03,testing,18,826,826,length_matched_index_mapping,826,,source_frame_index
S03,testing,19,826,826,length_matched_index_mapping,826,,source_frame_index
S04,training,01,751,,,,,source_frame_index
S04,training,02,751,,,,,source_frame_index
S04,training,03,751,,,,,source_frame_index
S04,training,04,751,,,,,source_frame_index
S04,training,05,751,,,,,source_frame_index
S04,training,06,751,,,,,source_frame_index
S04,training,07,751,,,,,source_frame_index
S04,training,08,751,,,,,source_frame_index
S04,training,09,751,,,,,source_frame_index
S04,training,10,751,,,,,source_frame_index
S04,training,11,751,,,,,source_frame_index
S04,training,12,751,,,,,source_frame_index
S04,training,13,751,,,,,source_frame_index
S04,training,14,751,,,,,source_frame_index
S04,training,15,751,,,,,source_frame_index
S04,training,16,751,,,,,source_frame_index
S04,training,17,751,,,,,source_frame_index
S04,training,18,751,,,,,source_frame_index
S04,training,19,751,,,,,source_frame_index
S04,training,20,751,,,,,source_frame_index
S04,training,21,751,,,,,source_frame_index
S04,training,22,751,,,,,source_frame_index
S04,training,23,751,,,,,source_frame_index
S04,training,24,751,,,,,source_frame_index
S04,training,25,751,,,,,source_frame_index
S04,training,26,751,,,,,source_frame_index
S04,training,27,751,,,,,source_frame_index
S04,training,28,751,,,,,source_frame_index
S04,training,29,751,,,,,source_frame_index
S04,training,30,751,,,,,source_frame_index
S04,training,31,751,,,,,source_frame_index
S04,training,32,751,,,,,source_frame_index
S04,training,33,751,,,,,source_frame_index
S04,training,34,751,,,,,source_frame_index
S04,training,35,751,,,,,source_frame_index
S04,training,36,751,,,,,source_frame_index
S04,training,37,751,,,,,source_frame_index
S04,training,38,751,,,,,source_frame_index
S04,training,39,751,,,,,source_frame_index
S04,training,40,751,,,,,source_frame_index
S04,training,41,751,,,,,source_frame_index
S04,training,42,751,,,,,source_frame_index
S04,training,43,751,,,,,source_frame_index
S04,training,44,751,,,,,source_frame_index
S04,training,45,751,,,,,source_frame_index
S04,training,46,751,,,,,source_frame_index
S04,training,47,751,,,,,source_frame_index
S04,training,48,751,,,,,source_frame_index
S04,training,49,751,,,,,source_frame_index
S04,training,50,751,,,,,source_frame_index
S04,training,51,751,,,,,source_frame_index
S04,training,52,751,,,,,source_frame_index
S04,training,53,751,,,,,source_frame_index
S04,training,54,751,,,,,source_frame_index
S04,training,55,751,,,,,source_frame_index
S04,testing,01,751,751,length_matched_index_mapping,751,,source_frame_index
S04,testing,02,751,751,length_matched_index_mapping,751,,source_frame_index
S04,testing,03,751,751,length_matched_index_mapping,751,,source_frame_index
S04,testing,04,751,751,length_matched_index_mapping,751,,source_frame_index
S04,testing,05,751,751,length_matched_index_mapping,751,,source_frame_index
S04,testing,06,751,751,length_matched_index_mapping,751,,source_frame_index
S04,testing,07,751,751,length_matched_index_mapping,751,,source_frame_index
S04,testing,08,751,751,length_matched_index_mapping,751,,source_frame_index
S04,testing,09,751,751,length_matched_index_mapping,751,,source_frame_index
S04,testing,10,751,751,length_matched_index_mapping,751,,source_frame_index
S04,testing,11,751,751,length_matched_index_mapping,751,,source_frame_index
S04,testing,12,751,751,length_matched_index_mapping,751,,source_frame_index
S04,testing,13,751,751,length_matched_index_mapping,751,,source_frame_index
S04,testing,14,751,751,length_matched_index_mapping,751,,source_frame_index
S04,testing,15,751,751,length_matched_index_mapping,751,,source_frame_index
S04,testing,16,751,751,length_matched_index_mapping,751,,source_frame_index
S04,testing,17,751,751,length_matched_index_mapping,751,,source_frame_index
S04,testing,18,751,751,length_matched_index_mapping,751,,source_frame_index
S04,testing,19,751,751,length_matched_index_mapping,751,,source_frame_index
S05,training,01,626,,,,,source_frame_index
S05,training,02,626,,,,,source_frame_index
S05,training,03,626,,,,,source_frame_index
S05,training,04,626,,,,,source_frame_index
S05,training,05,626,,,,,source_frame_index
S05,training,06,626,,,,,source_frame_index
S05,training,07,626,,,,,source_frame_index
S05,training,08,626,,,,,source_frame_index
S05,training,09,626,,,,,source_frame_index
S05,training,10,626,,,,,source_frame_index
S05,training,11,626,,,,,source_frame_index
S05,training,12,626,,,,,source_frame_index
S05,training,13,626,,,,,source_frame_index
S05,training,14,626,,,,,source_frame_index
S05,training,15,626,,,,,source_frame_index
S05,training,16,626,,,,,source_frame_index
S05,training,17,626,,,,,source_frame_index
S05,training,18,626,,,,,source_frame_index
S05,training,19,26,,,,,source_frame_index
S05,training,20,626,,,,,source_frame_index
S05,training,21,626,,,,,source_frame_index
S05,training,22,626,,,,,source_frame_index
S05,training,23,626,,,,,source_frame_index
S05,training,24,626,,,,,source_frame_index
S05,training,25,626,,,,,source_frame_index
S05,training,26,626,,,,,source_frame_index
S05,training,27,626,,,,,source_frame_index
S05,training,28,626,,,,,source_frame_index
S05,training,29,626,,,,,source_frame_index
S05,training,30,626,,,,,source_frame_index
S05,training,31,626,,,,,source_frame_index
S05,training,32,626,,,,,source_frame_index
S05,training,33,626,,,,,source_frame_index
S05,training,34,626,,,,,source_frame_index
S05,training,35,626,,,,,source_frame_index
S05,training,36,626,,,,,source_frame_index
S05,training,37,626,,,,,source_frame_index
S05,training,38,626,,,,,source_frame_index
S05,training,39,626,,,,,source_frame_index
S05,training,40,626,,,,,source_frame_index
S05,testing,01,626,626,length_matched_index_mapping,626,,source_frame_index
S05,testing,02,626,626,length_matched_index_mapping,626,,source_frame_index
S05,testing,03,626,626,length_matched_index_mapping,626,,source_frame_index
S05,testing,04,626,626,length_matched_index_mapping,626,,source_frame_index
S05,testing,05,626,626,length_matched_index_mapping,626,,source_frame_index
S05,testing,06,701,701,length_matched_index_mapping,701,,source_frame_index
S05,testing,07,701,701,length_matched_index_mapping,701,,source_frame_index
S05,testing,08,676,676,length_matched_index_mapping,676,,source_frame_index
S05,testing,09,626,676,unresolved_quarantined,0,,source_frame_index
S05,testing,10,626,676,unresolved_quarantined,0,,source_frame_index
S05,testing,11,626,676,unresolved_quarantined,0,,source_frame_index
S05,testing,12,626,676,unresolved_quarantined,0,,source_frame_index
S05,testing,13,626,676,unresolved_quarantined,0,,source_frame_index
S05,testing,14,626,676,unresolved_quarantined,0,,source_frame_index
S05,testing,15,626,676,unresolved_quarantined,0,,source_frame_index
S06,training,01,626,,,,,source_frame_index
S06,training,02,626,,,,,source_frame_index
S06,training,03,626,,,,,source_frame_index
S06,training,04,626,,,,,source_frame_index
S06,training,05,626,,,,,source_frame_index
S06,training,06,626,,,,,source_frame_index
S06,training,07,626,,,,,source_frame_index
S06,training,08,626,,,,,source_frame_index
S06,training,09,626,,,,,source_frame_index
S06,training,10,626,,,,,source_frame_index
S06,training,11,626,,,,,source_frame_index
S06,training,12,626,,,,,source_frame_index
S06,training,13,626,,,,,source_frame_index
S06,training,14,626,,,,,source_frame_index
S06,training,15,626,,,,,source_frame_index
S06,training,16,626,,,,,source_frame_index
S06,training,17,626,,,,,source_frame_index
S06,training,18,626,,,,,source_frame_index
S06,training,19,626,,,,,source_frame_index
S06,training,20,626,,,,,source_frame_index
S06,training,21,626,,,,,source_frame_index
S06,training,22,626,,,,,source_frame_index
S06,training,23,626,,,,,source_frame_index
S06,training,24,626,,,,,source_frame_index
S06,training,25,626,,,,,source_frame_index
S06,training,26,626,,,,,source_frame_index
S06,training,27,626,,,,,source_frame_index
S06,training,28,626,,,,,source_frame_index
S06,training,29,626,,,,,source_frame_index
S06,training,30,626,,,,,source_frame_index
S06,training,31,626,,,,,source_frame_index
S06,training,32,626,,,,,source_frame_index
S06,training,33,626,,,,,source_frame_index
S06,training,34,626,,,,,source_frame_index
S06,training,35,626,,,,,source_frame_index
S06,training,36,626,,,,,source_frame_index
S06,training,37,626,,,,,source_frame_index
S06,training,38,626,,,,,source_frame_index
S06,training,39,626,,,,,source_frame_index
S06,training,40,626,,,,,source_frame_index
S06,training,41,626,,,,,source_frame_index
S06,training,42,626,,,,,source_frame_index
S06,training,43,626,,,,,source_frame_index
S06,training,44,626,,,,,source_frame_index
S06,training,45,627,,,,,source_frame_index
S06,training,46,626,,,,,source_frame_index
S06,training,47,626,,,,,source_frame_index
S06,training,48,626,,,,,source_frame_index
S06,training,49,626,,,,,source_frame_index
S06,training,50,626,,,,,source_frame_index
S06,testing,01,626,626,length_matched_index_mapping,626,,source_frame_index
S06,testing,02,626,626,length_matched_index_mapping,626,,source_frame_index
S06,testing,03,626,626,length_matched_index_mapping,626,,source_frame_index
S06,testing,04,626,626,length_matched_index_mapping,626,,source_frame_index
S06,testing,05,626,626,length_matched_index_mapping,626,,source_frame_index
S06,testing,06,701,701,length_matched_index_mapping,701,,source_frame_index
S06,testing,07,701,701,length_matched_index_mapping,701,,source_frame_index
S06,testing,08,701,701,length_matched_index_mapping,701,,source_frame_index
S06,testing,09,701,701,length_matched_index_mapping,701,,source_frame_index
S06,testing,10,626,626,length_matched_index_mapping,626,,source_frame_index
S06,testing,11,626,626,length_matched_index_mapping,626,,source_frame_index
S06,testing,12,626,626,length_matched_index_mapping,626,,source_frame_index
S06,testing,13,626,626,length_matched_index_mapping,626,,source_frame_index
S06,testing,14,701,701,length_matched_index_mapping,701,,source_frame_index
S06,testing,15,626,626,length_matched_index_mapping,626,,source_frame_index
S06,testing,16,626,626,length_matched_index_mapping,626,,source_frame_index
S06,testing,17,626,626,length_matched_index_mapping,626,,source_frame_index
S06,testing,18,626,626,length_matched_index_mapping,626,,source_frame_index
S06,testing,19,626,626,length_matched_index_mapping,626,,source_frame_index
S07,training,01,576,,,,,source_frame_index
S07,training,02,576,,,,,source_frame_index
S07,training,03,576,,,,,source_frame_index
S07,training,04,576,,,,,source_frame_index
S07,training,05,576,,,,,source_frame_index
S07,training,06,576,,,,,source_frame_index
S07,training,07,576,,,,,source_frame_index
S07,training,08,576,,,,,source_frame_index
S07,training,09,576,,,,,source_frame_index
S07,training,10,576,,,,,source_frame_index
S07,training,11,576,,,,,source_frame_index
S07,training,12,576,,,,,source_frame_index
S07,training,13,576,,,,,source_frame_index
S07,training,14,576,,,,,source_frame_index
S07,training,15,576,,,,,source_frame_index
S07,training,16,576,,,,,source_frame_index
S07,training,17,576,,,,,source_frame_index
S07,training,18,576,,,,,source_frame_index
S07,training,19,576,,,,,source_frame_index
S07,training,20,576,,,,,source_frame_index
S07,training,21,576,,,,,source_frame_index
S07,training,22,576,,,,,source_frame_index
S07,training,23,576,,,,,source_frame_index
S07,training,24,576,,,,,source_frame_index
S07,training,25,576,,,,,source_frame_index
S07,training,26,576,,,,,source_frame_index
S07,training,27,576,,,,,source_frame_index
S07,training,28,576,,,,,source_frame_index
S07,training,29,576,,,,,source_frame_index
S07,training,30,576,,,,,source_frame_index
S07,training,31,576,,,,,source_frame_index
S07,training,32,576,,,,,source_frame_index
S07,training,33,576,,,,,source_frame_index
S07,training,34,576,,,,,source_frame_index
S07,training,35,576,,,,,source_frame_index
S07,training,36,576,,,,,source_frame_index
S07,training,37,576,,,,,source_frame_index
S07,training,38,576,,,,,source_frame_index
S07,training,39,576,,,,,source_frame_index
S07,training,40,576,,,,,source_frame_index
S07,training,41,576,,,,,source_frame_index
S07,training,42,576,,,,,source_frame_index
S07,training,43,576,,,,,source_frame_index
S07,training,44,576,,,,,source_frame_index
S07,training,45,576,,,,,source_frame_index
S07,training,46,576,,,,,source_frame_index
S07,training,47,576,,,,,source_frame_index
S07,training,48,576,,,,,source_frame_index
S07,training,49,576,,,,,source_frame_index
S07,training,50,576,,,,,source_frame_index
S07,training,51,576,,,,,source_frame_index
S07,training,52,576,,,,,source_frame_index
S07,training,53,576,,,,,source_frame_index
S07,training,54,576,,,,,source_frame_index
S07,training,55,576,,,,,source_frame_index
S07,testing,01,576,576,length_matched_index_mapping,576,,source_frame_index
S07,testing,02,576,576,length_matched_index_mapping,576,,source_frame_index
S07,testing,03,576,576,length_matched_index_mapping,576,,source_frame_index
S07,testing,04,576,576,length_matched_index_mapping,576,,source_frame_index
S07,testing,05,576,576,length_matched_index_mapping,576,,source_frame_index
S07,testing,06,626,626,length_matched_index_mapping,626,,source_frame_index
S07,testing,07,626,626,length_matched_index_mapping,626,,source_frame_index
S07,testing,08,626,626,length_matched_index_mapping,626,,source_frame_index
S07,testing,09,576,576,length_matched_index_mapping,576,,source_frame_index
S07,testing,10,576,576,length_matched_index_mapping,576,,source_frame_index
S07,testing,11,576,576,length_matched_index_mapping,576,,source_frame_index
S07,testing,12,701,701,length_matched_index_mapping,701,,source_frame_index
S07,testing,13,576,576,length_matched_index_mapping,576,,source_frame_index
S07,testing,14,576,576,length_matched_index_mapping,576,,source_frame_index
S07,testing,15,576,576,length_matched_index_mapping,576,,source_frame_index
S07,testing,16,576,576,length_matched_index_mapping,576,,source_frame_index
S07,testing,17,576,576,length_matched_index_mapping,576,,source_frame_index
S07,testing,18,576,576,length_matched_index_mapping,576,,source_frame_index
S07,testing,19,576,576,length_matched_index_mapping,576,,source_frame_index
S08,training,01,526,,,,,source_frame_index
S08,training,02,526,,,,,source_frame_index
S08,training,03,526,,,,,source_frame_index
S08,training,04,526,,,,,source_frame_index
S08,training,05,526,,,,,source_frame_index
S08,training,06,526,,,,,source_frame_index
S08,training,07,526,,,,,source_frame_index
S08,training,08,576,,,,,source_frame_index
S08,training,09,576,,,,,source_frame_index
S08,training,10,576,,,,,source_frame_index
S08,training,11,576,,,,,source_frame_index
S08,training,12,576,,,,,source_frame_index
S08,training,13,576,,,,,source_frame_index
S08,training,14,576,,,,,source_frame_index
S08,training,15,601,,,,,source_frame_index
S08,training,16,601,,,,,source_frame_index
S08,training,17,601,,,,,source_frame_index
S08,training,18,601,,,,,source_frame_index
S08,training,19,601,,,,,source_frame_index
S08,training,20,601,,,,,source_frame_index
S08,training,21,526,,,,,source_frame_index
S08,training,22,526,,,,,source_frame_index
S08,training,23,526,,,,,source_frame_index
S08,training,24,526,,,,,source_frame_index
S08,training,25,526,,,,,source_frame_index
S08,training,26,526,,,,,source_frame_index
S08,training,27,526,,,,,source_frame_index
S08,training,28,576,,,,,source_frame_index
S08,training,29,576,,,,,source_frame_index
S08,training,30,576,,,,,source_frame_index
S08,training,31,576,,,,,source_frame_index
S08,training,32,576,,,,,source_frame_index
S08,training,33,576,,,,,source_frame_index
S08,training,34,576,,,,,source_frame_index
S08,training,35,601,,,,,source_frame_index
S08,training,36,601,,,,,source_frame_index
S08,training,37,601,,,,,source_frame_index
S08,training,38,601,,,,,source_frame_index
S08,training,39,601,,,,,source_frame_index
S08,training,40,601,,,,,source_frame_index
S08,training,41,526,,,,,source_frame_index
S08,training,42,526,,,,,source_frame_index
S08,training,43,526,,,,,source_frame_index
S08,training,44,526,,,,,source_frame_index
S08,training,45,526,,,,,source_frame_index
S08,training,46,526,,,,,source_frame_index
S08,training,47,526,,,,,source_frame_index
S08,training,48,526,,,,,source_frame_index
S08,training,49,526,,,,,source_frame_index
S08,training,50,526,,,,,source_frame_index
S08,training,51,526,,,,,source_frame_index
S08,training,52,526,,,,,source_frame_index
S08,training,53,576,,,,,source_frame_index
S08,training,54,576,,,,,source_frame_index
S08,training,55,601,,,,,source_frame_index
S08,testing,01,526,526,length_matched_index_mapping,526,,source_frame_index
S08,testing,02,526,526,length_matched_index_mapping,526,,source_frame_index
S08,testing,03,576,576,length_matched_index_mapping,576,,source_frame_index
S08,testing,04,576,576,length_matched_index_mapping,576,,source_frame_index
S08,testing,05,601,601,length_matched_index_mapping,601,,source_frame_index
S08,testing,06,526,526,length_matched_index_mapping,526,,source_frame_index
S08,testing,07,576,576,length_matched_index_mapping,576,,source_frame_index
S08,testing,08,476,476,length_matched_index_mapping,476,,source_frame_index
S08,testing,09,526,526,length_matched_index_mapping,526,,source_frame_index
S08,testing,10,601,601,length_matched_index_mapping,601,,source_frame_index
S08,testing,11,476,476,length_matched_index_mapping,476,,source_frame_index
S08,testing,12,576,576,length_matched_index_mapping,576,,source_frame_index
S08,testing,13,701,701,length_matched_index_mapping,701,,source_frame_index
S08,testing,14,476,476,length_matched_index_mapping,476,,source_frame_index
S08,testing,15,601,601,length_matched_index_mapping,601,,source_frame_index
S08,testing,16,526,526,length_matched_index_mapping,526,,source_frame_index
S08,testing,17,526,526,length_matched_index_mapping,526,,source_frame_index
S08,testing,18,526,526,length_matched_index_mapping,526,,source_frame_index
S08,testing,19,526,526,length_matched_index_mapping,526,,source_frame_index
S09,training,01,251,,,,,source_frame_index
S09,training,02,251,,,,,source_frame_index
S09,training,03,251,,,,,source_frame_index
S09,training,04,251,,,,,source_frame_index
S09,training,05,251,,,,,source_frame_index
S09,training,06,251,,,,,source_frame_index
S09,training,07,251,,,,,source_frame_index
S09,training,08,251,,,,,source_frame_index
S09,training,09,251,,,,,source_frame_index
S09,training,10,251,,,,,source_frame_index
S09,training,11,251,,,,,source_frame_index
S09,training,12,251,,,,,source_frame_index
S09,training,13,251,,,,,source_frame_index
S09,training,14,251,,,,,source_frame_index
S09,training,15,251,,,,,source_frame_index
S09,training,16,251,,,,,source_frame_index
S09,training,17,251,,,,,source_frame_index
S09,training,18,251,,,,,source_frame_index
S09,training,19,251,,,,,source_frame_index
S09,training,20,251,,,,,source_frame_index
S09,training,21,251,,,,,source_frame_index
S09,training,22,251,,,,,source_frame_index
S09,training,23,251,,,,,source_frame_index
S09,training,24,251,,,,,source_frame_index
S09,training,25,251,,,,,source_frame_index
S09,training,26,251,,,,,source_frame_index
S09,training,27,251,,,,,source_frame_index
S09,training,28,251,,,,,source_frame_index
S09,training,29,251,,,,,source_frame_index
S09,training,30,251,,,,,source_frame_index
S09,training,31,251,,,,,source_frame_index
S09,training,32,251,,,,,source_frame_index
S09,training,33,251,,,,,source_frame_index
S09,training,34,251,,,,,source_frame_index
S09,training,35,251,,,,,source_frame_index
S09,training,36,251,,,,,source_frame_index
S09,training,37,251,,,,,source_frame_index
S09,training,38,251,,,,,source_frame_index
S09,training,39,251,,,,,source_frame_index
S09,training,40,251,,,,,source_frame_index
S09,training,41,251,,,,,source_frame_index
S09,training,42,251,,,,,source_frame_index
S09,training,43,251,,,,,source_frame_index
S09,training,44,251,,,,,source_frame_index
S09,training,45,251,,,,,source_frame_index
S09,training,46,251,,,,,source_frame_index
S09,training,47,251,,,,,source_frame_index
S09,training,48,251,,,,,source_frame_index
S09,training,49,251,,,,,source_frame_index
S09,training,50,251,,,,,source_frame_index
S09,training,51,251,,,,,source_frame_index
S09,training,52,251,,,,,source_frame_index
S09,training,53,251,,,,,source_frame_index
S09,training,54,251,,,,,source_frame_index
S09,training,55,251,,,,,source_frame_index
S09,testing,01,251,251,length_matched_index_mapping,251,,source_frame_index
S09,testing,02,251,251,length_matched_index_mapping,251,,source_frame_index
S09,testing,03,251,251,length_matched_index_mapping,251,,source_frame_index
S09,testing,04,251,251,length_matched_index_mapping,251,,source_frame_index
S09,testing,05,251,251,length_matched_index_mapping,251,,source_frame_index
S09,testing,06,251,251,length_matched_index_mapping,251,,source_frame_index
S09,testing,07,251,251,length_matched_index_mapping,251,,source_frame_index
S09,testing,08,251,251,length_matched_index_mapping,251,,source_frame_index
S09,testing,09,251,251,length_matched_index_mapping,251,,source_frame_index
S09,testing,10,251,251,length_matched_index_mapping,251,,source_frame_index
S09,testing,11,251,251,length_matched_index_mapping,251,,source_frame_index
S09,testing,12,251,251,length_matched_index_mapping,251,,source_frame_index
S09,testing,13,251,251,length_matched_index_mapping,251,,source_frame_index
S09,testing,14,251,251,length_matched_index_mapping,251,,source_frame_index
S09,testing,15,251,251,length_matched_index_mapping,251,,source_frame_index
S09,testing,16,251,251,length_matched_index_mapping,251,,source_frame_index
S09,testing,17,251,251,length_matched_index_mapping,251,,source_frame_index
S09,testing,18,251,251,length_matched_index_mapping,251,,source_frame_index
S09,testing,19,251,251,length_matched_index_mapping,251,,source_frame_index
S10,training,01,826,,,,,source_frame_index
S10,training,02,826,,,,,source_frame_index
S10,training,03,826,,,,,source_frame_index
S10,training,04,826,,,,,source_frame_index
S10,training,05,826,,,,,source_frame_index
S10,training,06,826,,,,,source_frame_index
S10,training,07,826,,,,,source_frame_index
S10,training,08,826,,,,,source_frame_index
S10,training,09,826,,,,,source_frame_index
S10,training,10,826,,,,,source_frame_index
S10,training,11,826,,,,,source_frame_index
S10,training,12,826,,,,,source_frame_index
S10,training,13,826,,,,,source_frame_index
S10,training,14,826,,,,,source_frame_index
S10,training,15,826,,,,,source_frame_index
S10,training,16,826,,,,,source_frame_index
S10,training,17,826,,,,,source_frame_index
S10,training,18,826,,,,,source_frame_index
S10,training,19,826,,,,,source_frame_index
S10,training,20,826,,,,,source_frame_index
S10,training,21,826,,,,,source_frame_index
S10,training,22,826,,,,,source_frame_index
S10,training,23,826,,,,,source_frame_index
S10,training,24,826,,,,,source_frame_index
S10,training,25,826,,,,,source_frame_index
S10,training,26,826,,,,,source_frame_index
S10,training,27,826,,,,,source_frame_index
S10,training,28,826,,,,,source_frame_index
S10,training,29,826,,,,,source_frame_index
S10,training,30,826,,,,,source_frame_index
S10,training,31,826,,,,,source_frame_index
S10,training,32,826,,,,,source_frame_index
S10,training,33,826,,,,,source_frame_index
S10,training,34,826,,,,,source_frame_index
S10,training,35,826,,,,,source_frame_index
S10,training,36,826,,,,,source_frame_index
S10,training,37,826,,,,,source_frame_index
S10,training,38,826,,,,,source_frame_index
S10,training,39,826,,,,,source_frame_index
S10,training,40,826,,,,,source_frame_index
S10,training,41,826,,,,,source_frame_index
S10,training,42,826,,,,,source_frame_index
S10,training,43,826,,,,,source_frame_index
S10,training,44,826,,,,,source_frame_index
S10,training,45,826,,,,,source_frame_index
S10,training,46,826,,,,,source_frame_index
S10,training,47,826,,,,,source_frame_index
S10,training,48,826,,,,,source_frame_index
S10,training,49,826,,,,,source_frame_index
S10,training,50,826,,,,,source_frame_index
S10,training,51,826,,,,,source_frame_index
S10,training,52,826,,,,,source_frame_index
S10,training,53,826,,,,,source_frame_index
S10,training,54,826,,,,,source_frame_index
S10,training,55,826,,,,,source_frame_index
S10,testing,01,826,826,length_matched_index_mapping,826,,source_frame_index
S10,testing,02,826,826,length_matched_index_mapping,826,,source_frame_index
S10,testing,03,826,826,length_matched_index_mapping,826,,source_frame_index
S10,testing,04,826,826,length_matched_index_mapping,826,,source_frame_index
S10,testing,05,826,826,length_matched_index_mapping,826,,source_frame_index
S10,testing,06,826,826,length_matched_index_mapping,826,,source_frame_index
S10,testing,07,826,826,length_matched_index_mapping,826,,source_frame_index
S10,testing,08,826,826,length_matched_index_mapping,826,,source_frame_index
S10,testing,09,826,826,length_matched_index_mapping,826,,source_frame_index
S10,testing,10,826,826,length_matched_index_mapping,826,,source_frame_index
S10,testing,11,826,826,length_matched_index_mapping,826,,source_frame_index
S10,testing,12,826,826,length_matched_index_mapping,826,,source_frame_index
S10,testing,13,826,826,length_matched_index_mapping,826,,source_frame_index
S10,testing,14,826,826,length_matched_index_mapping,826,,source_frame_index
S10,testing,15,826,826,length_matched_index_mapping,826,,source_frame_index
S10,testing,16,826,826,length_matched_index_mapping,826,,source_frame_index
S10,testing,17,826,826,length_matched_index_mapping,826,,source_frame_index
S10,testing,18,826,826,length_matched_index_mapping,826,,source_frame_index
S10,testing,19,826,826,length_matched_index_mapping,826,,source_frame_index
S11,training,01,926,,,,,source_frame_index
S11,training,02,926,,,,,source_frame_index
S11,training,03,926,,,,,source_frame_index
S11,training,04,926,,,,,source_frame_index
S11,training,05,926,,,,,source_frame_index
S11,training,06,926,,,,,source_frame_index
S11,training,07,926,,,,,source_frame_index
S11,training,08,926,,,,,source_frame_index
S11,training,09,926,,,,,source_frame_index
S11,training,10,926,,,,,source_frame_index
S11,training,11,926,,,,,source_frame_index
S11,training,12,926,,,,,source_frame_index
S11,training,13,926,,,,,source_frame_index
S11,training,14,926,,,,,source_frame_index
S11,training,15,926,,,,,source_frame_index
S11,training,16,926,,,,,source_frame_index
S11,training,17,926,,,,,source_frame_index
S11,training,18,926,,,,,source_frame_index
S11,training,19,926,,,,,source_frame_index
S11,training,20,926,,,,,source_frame_index
S11,training,21,926,,,,,source_frame_index
S11,training,22,926,,,,,source_frame_index
S11,training,23,926,,,,,source_frame_index
S11,training,24,926,,,,,source_frame_index
S11,training,25,926,,,,,source_frame_index
S11,training,26,926,,,,,source_frame_index
S11,training,27,926,,,,,source_frame_index
S11,training,28,926,,,,,source_frame_index
S11,training,29,926,,,,,source_frame_index
S11,training,30,926,,,,,source_frame_index
S11,training,31,926,,,,,source_frame_index
S11,training,32,926,,,,,source_frame_index
S11,training,33,926,,,,,source_frame_index
S11,training,34,926,,,,,source_frame_index
S11,training,35,926,,,,,source_frame_index
S11,training,36,926,,,,,source_frame_index
S11,training,37,926,,,,,source_frame_index
S11,training,38,926,,,,,source_frame_index
S11,training,39,926,,,,,source_frame_index
S11,training,40,926,,,,,source_frame_index
S11,training,41,926,,,,,source_frame_index
S11,training,42,926,,,,,source_frame_index
S11,training,43,926,,,,,source_frame_index
S11,training,44,926,,,,,source_frame_index
S11,training,45,926,,,,,source_frame_index
S11,training,46,926,,,,,source_frame_index
S11,training,47,926,,,,,source_frame_index
S11,training,48,926,,,,,source_frame_index
S11,training,49,926,,,,,source_frame_index
S11,training,50,926,,,,,source_frame_index
S11,training,51,926,,,,,source_frame_index
S11,training,52,926,,,,,source_frame_index
S11,training,53,926,,,,,source_frame_index
S11,training,54,926,,,,,source_frame_index
S11,training,55,926,,,,,source_frame_index
S11,testing,01,926,926,length_matched_index_mapping,926,,source_frame_index
S11,testing,02,926,926,length_matched_index_mapping,926,,source_frame_index
S11,testing,03,926,926,length_matched_index_mapping,926,,source_frame_index
S11,testing,04,926,926,length_matched_index_mapping,926,,source_frame_index
S11,testing,05,926,926,length_matched_index_mapping,926,,source_frame_index
S11,testing,06,926,926,length_matched_index_mapping,926,,source_frame_index
S11,testing,07,926,926,length_matched_index_mapping,926,,source_frame_index
S11,testing,08,926,926,length_matched_index_mapping,926,,source_frame_index
S11,testing,09,926,926,length_matched_index_mapping,926,,source_frame_index
S11,testing,10,926,926,length_matched_index_mapping,926,,source_frame_index
S11,testing,11,926,926,length_matched_index_mapping,926,,source_frame_index
S11,testing,12,926,926,length_matched_index_mapping,926,,source_frame_index
S11,testing,13,926,926,length_matched_index_mapping,926,,source_frame_index
S11,testing,14,926,926,length_matched_index_mapping,926,,source_frame_index
S11,testing,15,926,926,length_matched_index_mapping,926,,source_frame_index
S11,testing,16,926,926,length_matched_index_mapping,926,,source_frame_index
S11,testing,17,926,926,length_matched_index_mapping,926,,source_frame_index
S11,testing,18,926,926,length_matched_index_mapping,926,,source_frame_index
S11,testing,19,926,926,length_matched_index_mapping,926,,source_frame_index
S12,training,01,751,,,,,source_frame_index
S12,training,02,751,,,,,source_frame_index
S12,training,03,751,,,,,source_frame_index
S12,training,04,751,,,,,source_frame_index
S12,training,05,751,,,,,source_frame_index
S12,training,06,751,,,,,source_frame_index
S12,training,07,751,,,,,source_frame_index
S12,training,08,751,,,,,source_frame_index
S12,training,09,751,,,,,source_frame_index
S12,training,10,751,,,,,source_frame_index
S12,training,11,751,,,,,source_frame_index
S12,training,12,751,,,,,source_frame_index
S12,training,13,751,,,,,source_frame_index
S12,training,14,751,,,,,source_frame_index
S12,training,15,751,,,,,source_frame_index
S12,training,16,751,,,,,source_frame_index
S12,training,17,751,,,,,source_frame_index
S12,training,18,751,,,,,source_frame_index
S12,training,19,751,,,,,source_frame_index
S12,training,20,751,,,,,source_frame_index
S12,training,21,751,,,,,source_frame_index
S12,training,22,751,,,,,source_frame_index
S12,training,23,751,,,,,source_frame_index
S12,training,24,751,,,,,source_frame_index
S12,training,25,751,,,,,source_frame_index
S12,training,26,751,,,,,source_frame_index
S12,training,27,751,,,,,source_frame_index
S12,training,28,751,,,,,source_frame_index
S12,training,29,751,,,,,source_frame_index
S12,training,30,751,,,,,source_frame_index
S12,training,31,751,,,,,source_frame_index
S12,training,32,751,,,,,source_frame_index
S12,training,33,751,,,,,source_frame_index
S12,training,34,751,,,,,source_frame_index
S12,training,35,751,,,,,source_frame_index
S12,training,36,751,,,,,source_frame_index
S12,training,37,751,,,,,source_frame_index
S12,training,38,751,,,,,source_frame_index
S12,training,39,751,,,,,source_frame_index
S12,training,40,751,,,,,source_frame_index
S12,training,41,751,,,,,source_frame_index
S12,training,42,751,,,,,source_frame_index
S12,training,43,751,,,,,source_frame_index
S12,training,44,751,,,,,source_frame_index
S12,training,45,751,,,,,source_frame_index
S12,training,46,751,,,,,source_frame_index
S12,training,47,751,,,,,source_frame_index
S12,training,48,751,,,,,source_frame_index
S12,training,49,751,,,,,source_frame_index
S12,training,50,751,,,,,source_frame_index
S12,training,51,751,,,,,source_frame_index
S12,training,52,751,,,,,source_frame_index
S12,training,53,751,,,,,source_frame_index
S12,training,54,751,,,,,source_frame_index
S12,training,55,751,,,,,source_frame_index
S12,testing,01,751,751,length_matched_index_mapping,751,,source_frame_index
S12,testing,02,751,751,length_matched_index_mapping,751,,source_frame_index
S12,testing,03,751,751,length_matched_index_mapping,751,,source_frame_index
S12,testing,04,751,751,length_matched_index_mapping,751,,source_frame_index
S12,testing,05,751,751,length_matched_index_mapping,751,,source_frame_index
S12,testing,06,751,751,length_matched_index_mapping,751,,source_frame_index
S12,testing,07,751,751,length_matched_index_mapping,751,,source_frame_index
S12,testing,08,751,751,length_matched_index_mapping,751,,source_frame_index
S12,testing,09,751,751,length_matched_index_mapping,751,,source_frame_index
S12,testing,10,751,751,length_matched_index_mapping,751,,source_frame_index
S12,testing,11,751,751,length_matched_index_mapping,751,,source_frame_index
S12,testing,12,751,751,length_matched_index_mapping,751,,source_frame_index
S12,testing,13,1000,1001,unresolved_quarantined,0,,source_frame_index
S12,testing,14,751,751,length_matched_index_mapping,751,,source_frame_index
S12,testing,15,751,751,length_matched_index_mapping,751,,source_frame_index
S12,testing,16,751,751,length_matched_index_mapping,751,,source_frame_index
S12,testing,17,751,751,length_matched_index_mapping,751,,source_frame_index
S12,testing,18,751,751,length_matched_index_mapping,751,,source_frame_index
S12,testing,19,751,751,length_matched_index_mapping,751,,source_frame_index
