sequence,frames,positive_frames,motion_valid_frames,visual_auroc,process_auroc,combined_auroc
01,720,720,708,,,
02,676,676,664,,,
03,674,674,662,,,
04,683,683,671,,,
05,574,59,562,0.5582195162086556,0.7913608688497614,0.7812242883001481
06,582,451,570,0.43441207833313583,0.7952725918654052,0.7264856722127249
07,686,417,674,0.6114617599600617,0.6563210398224171,0.653236518591818
08,695,405,683,0.550630055342699,0.6004555129842486,0.5973733503618561
09,712,92,700,0.5485273492286116,0.4079943899018233,0.46998597475455817
10,647,202,623,0.6577872955834909,0.5059572811213706,0.5747969740794304
11,706,216,682,0.8026643990929705,0.29805366591080873,0.5388699924414211
12,841,171,829,0.24567949725058916,0.4139085275377498,0.36743912018853103
13,766,102,742,0.5297956532010395,0.7037857311599339,0.7050850460666195
14,908,128,884,0.6120392628205128,0.4655448717948718,0.5406850961538461
15,692,72,668,0.6774193548387096,0.5992831541218638,0.6385304659498208
16,730,0,718,,,
17,713,0,689,,,
