variant,held_out,calibration_ids,frames,false_positive_frames,frame_fpr,samples,sample_fpr,q99,calibration_samples,calibration_sample_fpr,process_fallback_samples,process_insufficient_support_fallback_samples,dwell_reference_samples,dwell_valid_frames
10,07,"08,15,22",689,20,0.02902757619738752,173,0.028901734104046242,0.9972118959107806,530,0.009433962264150943,8,7,,
10,08,"07,15,22",708,8,0.011299435028248588,177,0.011299435028248588,0.9972324723247232,526,0.009505703422053232,10,9,,
10,15,"07,08,22",706,4,0.0056657223796034,177,0.005649717514124294,0.997148288973384,526,0.009505703422053232,1,0,,
10,22,"07,08,15",703,12,0.017069701280227598,176,0.017045454545454544,0.9972375690607734,527,0.009487666034155597,1,0,,
11,07,"08,15,22",689,20,0.02902757619738752,173,0.028901734104046242,0.9972118959107806,530,0.009433962264150943,8,7,326,436
11,08,"07,15,22",708,8,0.011299435028248588,177,0.011299435028248588,0.9972324723247232,526,0.009505703422053232,10,9,325,440
11,15,"07,08,22",706,4,0.0056657223796034,177,0.005649717514124294,0.997148288973384,526,0.009505703422053232,1,0,330,420
11,22,"07,08,15",703,52,0.07396870554765292,176,0.07386363636363637,0.9972375690607734,527,0.009487666034155597,1,0,324,444
12_support,07,"08,15,22",689,20,0.02902757619738752,173,0.028901734104046242,0.9972118959107806,530,0.009433962264150943,8,7,315,436
12_support,08,"07,15,22",708,8,0.011299435028248588,177,0.011299435028248588,0.9972324723247232,526,0.009505703422053232,10,9,314,440
12_support,15,"07,08,22",706,4,0.0056657223796034,177,0.005649717514124294,0.997148288973384,526,0.009505703422053232,1,0,330,376
12_support,22,"07,08,15",703,52,0.07396870554765292,176,0.07386363636363637,0.9972375690607734,527,0.009487666034155597,1,0,313,444
12,07,"08,15,22",689,20,0.02902757619738752,173,0.028901734104046242,0.9972118959107806,530,0.009433962264150943,8,7,315,436
12,08,"07,15,22",708,8,0.011299435028248588,177,0.011299435028248588,0.9972324723247232,526,0.009505703422053232,10,9,314,440
12,15,"07,08,22",706,4,0.0056657223796034,177,0.005649717514124294,0.997148288973384,526,0.009505703422053232,1,0,330,376
12,22,"07,08,15",703,52,0.07396870554765292,176,0.07386363636363637,0.9972375690607734,527,0.009487666034155597,1,0,313,444
